{"Logistic Regression": {"fpr": [0.0, 0.0, 0.0, 0.007142857142857143, 0.007142857142857143, 0.014285714285714285, 0.014285714285714285, 0.03571428571428571, 0.03571428571428571, 0.04285714285714286, 0.04285714285714286, 0.05, 0.05, 0.05714285714285714, 0.05714285714285714, 0.07142857142857142, 0.07142857142857142, 0.08571428571428572, 0.08571428571428572, 0.09285714285714286, 0.09285714285714286, 0.12857142857142856, 0.12857142857142856, 0.1357142857142857, 0.1357142857142857, 0.15714285714285714, 0.15714285714285714, 0.16428571428571428, 0.16428571428571428, 0.17142857142857143, 0.17142857142857143, 0.17857142857142858, 0.17857142857142858, 0.2, 0.2, 0.21428571428571427, 0.21428571428571427, 0.2357142857142857, 0.2357142857142857, 0.2642857142857143, 0.2642857142857143, 0.34285714285714286, 0.34285714285714286, 0.37857142857142856, 0.37857142857142856, 0.5928571428571429, 0.5928571428571429, 0.6357142857142857, 0.6357142857142857, 0.6714285714285714, 0.6714285714285714, 0.6785714285714286, 0.6785714285714286, 0.7, 0.7, 0.7142857142857143, 0.7142857142857143, 0.7214285714285714, 0.7214285714285714, 0.8, 0.8, 0.85, 0.85, 0.9928571428571429, 0.9928571428571429, 1.0, 1.0], "tpr": [0.0, 0.016666666666666666, 0.08333333333333333, 0.08333333333333333, 0.1, 0.1, 0.16666666666666666, 0.16666666666666666, 0.25, 0.25, 0.26666666666666666, 0.26666666666666666, 0.36666666666666664, 0.36666666666666664, 0.38333333333333336, 0.38333333333333336, 0.4166666666666667, 0.4166666666666667, 0.5166666666666667, 0.5166666666666667, 0.5333333333333333, 0.5333333333333333, 0.55, 0.55, 0.5833333333333334, 0.5833333333333334, 0.6166666666666667, 0.6166666666666667, 0.6333333333333333, 0.6333333333333333, 0.6666666666666666, 0.6666666666666666, 0.6833333333333333, 0.6833333333333333, 0.7, 0.7, 0.7333333333333333, 0.7333333333333333, 0.75, 0.75, 0.7666666666666667, 0.7666666666666667, 0.7833333333333333, 0.7833333333333333, 0.8, 0.8, 0.8166666666666667, 0.8166666666666667, 0.85, 0.85, 0.8666666666666667, 0.8666666666666667, 0.8833333333333333, 0.8833333333333333, 0.9, 0.9, 0.9166666666666666, 0.9166666666666666, 0.9333333333333333, 0.9333333333333333, 0.95, 0.95, 0.9666666666666667, 0.9666666666666667, 0.9833333333333333, 0.9833333333333333, 1.0], "auc": 0.7727380952380952}, "Random Forest": {"fpr": [0.0, 0.0, 0.0, 0.007142857142857143, 0.007142857142857143, 0.02142857142857143, 0.02142857142857143, 0.03571428571428571, 0.03571428571428571, 0.05, 0.05, 0.05714285714285714, 0.05714285714285714, 0.06428571428571428, 0.06428571428571428, 0.08571428571428572, 0.08571428571428572, 0.10714285714285714, 0.10714285714285714, 0.12857142857142856, 0.12857142857142856, 0.14285714285714285, 0.14285714285714285, 0.15, 0.15, 0.15714285714285714, 0.15714285714285714, 0.17142857142857143, 0.17142857142857143, 0.19285714285714287, 0.19285714285714287, 0.2357142857142857, 0.2357142857142857, 0.24285714285714285, 0.24285714285714285, 0.25, 0.25, 0.2571428571428571, 0.2571428571428571, 0.2642857142857143, 0.2642857142857143, 0.2857142857142857, 0.2857142857142857, 0.3142857142857143, 0.3142857142857143, 0.32857142857142857, 0.32857142857142857, 0.4142857142857143, 0.4142857142857143, 0.4357142857142857, 0.4357142857142857, 0.4928571428571429, 0.4928571428571429, 0.5, 0.5, 0.5142857142857142, 0.5142857142857142, 0.5642857142857143, 0.5642857142857143, 0.5714285714285714, 0.5714285714285714, 0.6571428571428571, 0.6571428571428571, 0.6785714285714286, 0.6785714285714286, 0.6857142857142857, 0.6857142857142857, 0.8214285714285714, 0.8214285714285714, 0.8642857142857143, 0.8642857142857143, 1.0], "tpr": [0.0, 0.016666666666666666, 0.18333333333333332, 0.18333333333333332, 0.2, 0.2, 0.3, 0.3, 0.35, 0.35, 0.36666666666666664, 0.36666666666666664, 0.4, 0.4, 0.4166666666666667, 0.4166666666666667, 0.4666666666666667, 0.4666666666666667, 0.48333333333333334, 0.48333333333333334, 0.5, 0.5, 0.5166666666666667, 0.5166666666666667, 0.5333333333333333, 0.5333333333333333, 0.55, 0.55, 0.5666666666666667, 0.5666666666666667, 0.6, 0.6, 0.6166666666666667, 0.6166666666666667, 0.6333333333333333, 0.6333333333333333, 0.65, 0.65, 0.6833333333333333, 0.6833333333333333, 0.7, 0.7, 0.7166666666666667, 0.7166666666666667, 0.75, 0.75, 0.7666666666666667, 0.7666666666666667, 0.7833333333333333, 0.7833333333333333, 0.8, 0.8, 0.8166666666666667, 0.8166666666666667, 0.8333333333333334, 0.8333333333333334, 0.8666666666666667, 0.8666666666666667, 0.8833333333333333, 0.8833333333333333, 0.9, 0.9, 0.9166666666666666, 0.9166666666666666, 0.95, 0.95, 0.9666666666666667, 0.9666666666666667, 0.9833333333333333, 0.9833333333333333, 1.0, 1.0], "auc": 0.7814285714285716}, "XGBoost": {"fpr": [0.0, 0.0, 0.0, 0.014285714285714285, 0.014285714285714285, 0.02142857142857143, 0.02142857142857143, 0.02857142857142857, 0.02857142857142857, 0.03571428571428571, 0.03571428571428571, 0.04285714285714286, 0.04285714285714286, 0.05, 0.05, 0.05714285714285714, 0.05714285714285714, 0.06428571428571428, 0.06428571428571428, 0.09285714285714286, 0.09285714285714286, 0.1, 0.1, 0.11428571428571428, 0.11428571428571428, 0.12857142857142856, 0.12857142857142856, 0.15714285714285714, 0.15714285714285714, 0.17142857142857143, 0.17142857142857143, 0.17857142857142858, 0.17857142857142858, 0.19285714285714287, 0.19285714285714287, 0.21428571428571427, 0.21428571428571427, 0.22857142857142856, 0.22857142857142856, 0.2571428571428571, 0.2571428571428571, 0.2714285714285714, 0.2714285714285714, 0.29285714285714287, 0.29285714285714287, 0.32142857142857145, 0.32142857142857145, 0.3357142857142857, 0.3357142857142857, 0.35714285714285715, 0.35714285714285715, 0.4928571428571429, 0.4928571428571429, 0.5142857142857142, 0.5142857142857142, 0.55, 0.55, 0.6214285714285714, 0.6214285714285714, 0.6714285714285714, 0.6714285714285714, 0.7, 0.7, 0.7071428571428572, 0.7071428571428572, 0.7214285714285714, 0.7214285714285714, 0.7571428571428571, 0.7571428571428571, 0.8285714285714286, 0.8285714285714286, 0.8357142857142857, 0.8357142857142857, 1.0], "tpr": [0.0, 0.016666666666666666, 0.08333333333333333, 0.08333333333333333, 0.18333333333333332, 0.18333333333333332, 0.21666666666666667, 0.21666666666666667, 0.25, 0.25, 0.2833333333333333, 0.2833333333333333, 0.31666666666666665, 0.31666666666666665, 0.3333333333333333, 0.3333333333333333, 0.4166666666666667, 0.4166666666666667, 0.43333333333333335, 0.43333333333333335, 0.48333333333333334, 0.48333333333333334, 0.5, 0.5, 0.5333333333333333, 0.5333333333333333, 0.55, 0.55, 0.5666666666666667, 0.5666666666666667, 0.6, 0.6, 0.6166666666666667, 0.6166666666666667, 0.6333333333333333, 0.6333333333333333, 0.65, 0.65, 0.6666666666666666, 0.6666666666666666, 0.6833333333333333, 0.6833333333333333, 0.7166666666666667, 0.7166666666666667, 0.7333333333333333, 0.7333333333333333, 0.75, 0.75, 0.7666666666666667, 0.7666666666666667, 0.7833333333333333, 0.7833333333333333, 0.8, 0.8, 0.8333333333333334, 0.8333333333333334, 0.85, 0.85, 0.8666666666666667, 0.8666666666666667, 0.8833333333333333, 0.8833333333333333, 0.9, 0.9, 0.9166666666666666, 0.9166666666666666, 0.9333333333333333, 0.9333333333333333, 0.9666666666666667, 0.9666666666666667, 0.9833333333333333, 0.9833333333333333, 1.0, 1.0], "auc": 0.7738095238095238},